symbol,price
AACG,1.15000000
AACQ,10.33070000
AACQU,10.96000000
AACQW,1.95500000
AAL,17.37020000
AAME,2.19000000
AAOI,7.90000000
AAON,62.94000000
AAPL,121.36000000
AAWW,55.21000000
AAXJ,87.61000000
AAXN,123.06000000
ABCB,37.37000000
ABCM,18.62000000
ABEO,1.43500000
ABIO,4.14000000
ABMD,265.09000000
ABST,10.22000000
ABTX,33.98000000
ABUS,3.59000000
ACACU,10.24900000
ACAD,53.00000000
ACAM,10.35000000
ACAMU,10.82000000
ACAMW,1.77500000
ACBI,15.15000000
ACCD,56.60000000
ACER,2.41000000
ACET,13.29000000
ACEV,10.06000000
ACEVU,10.01000000
ACEVW,1.21770000
ACGL,33.48000000
ACGLO,26.74000000
ACGLP,25.91000000
ACHC,47.16000000
ACHV,7.54000000
ACIA,70.25000000
ACIU,4.85500000
ACIW,38.80000000
ACLS,27.92000000
ACMR,74.04000000
ACNB,27.24000000
ACOR,0.77530000
ACRS,3.65950000
ACRX,1.33900000
ACST,0.26890000
ACTCU,10.72000000
ACTG,3.61000000
ACWI,89.09000000
ACWX,52.36000000
ADAP,4.02500000
ADBE,477.44000000
ADES,5.56000000
ADI,141.12500000
ADIL,2.27000000
ADILW,0.39990000
ADMA,2.21000000
ADMP,0.48530000
ADMS,4.99000000
ADOCU,10.25000000
ADP,172.33000000
ADPT,51.65000000
ADRE,54.60000000
ADSK,278.30000000
ADTN,14.36000000
ADTX,2.04000000
ADUS,103.75000000
ADV,11.71500000
ADVM,13.03000000
ADVWW,2.40000000
ADXN,12.27930000
ADXS,0.32050000
AEGN,18.97000000
AEHL,2.35000000
AEHR,2.11000000
AEIS,97.35000000
AEMD,1.63000000
AEP,83.10500000
AEPPL,50.33000000
AEPPZ,49.60000000
AERI,12.28000000
AESE,1.13110000
AEY,3.67000000
AEYE,17.35000000
AEZS,0.38740000
AFIB,28.76000000
AFIN,7.56000000
AFINP,25.14000000
AFMD,6.40000000
AFYA,24.55000000
AGBA,10.52000000
AGBAR,0.30100000
AGBAU,11.40000000
AGBAW,0.35490000
AGCUU,12.85000000
AGEN,3.31580000
AGFS,2.48000000
AGIO,33.87000000
AGLE,7.49000000
AGMH,15.01000000
AGNC,15.45500000
AGNCM,24.05000000
AGNCN,24.92000000
AGNCO,23.86000000
AGNCP,23.02000000
AGRX,2.86000000
AGTC,4.28000000
AGYS,40.01000000
AGZD,47.10000000
AHAC,9.87000000
AHACU,10.02000000
AHACW,0.75200000
AHCO,36.04500000
AHPI,5.00000000
AIA,84.78500000
AIH,5.10000000
AIHS,1.16000000
AIKI,0.66000000
AIMC,53.55000000
AINV,11.09000000
AIQ,26.23000000
AIRG,13.87700000
AIRR,33.41000000
AIRT,11.28000000
AIRTP,23.25000000
AIRTW,0.05400000
AKAM,103.46000000
AKBA,2.85000000
AKER,2.00000000
AKRO,29.19000000
AKTS,8.34000000
AKTX,1.83000000
AKU,3.12000000
AKUS,19.84000000
ALAC,11.05000000
ALACR,0.54990000
ALACU,12.81710000
ALACW,1.21980000
ALBO,40.28500000
ALCO,31.30000000
ALDX,7.20000000
ALEC,15.10000000
ALGM,25.05000000
ALGN,505.01000000
ALGS,20.04990000
ALGT,178.52810000
ALIM,4.23930000
ALJJ,1.14000000
ALKS,20.69500000
ALLK,112.52000000
ALLO,28.46000000
ALLT,10.01500000
ALNA,1.28000000
ALNY,125.34000000
ALOT,10.85000000
ALPN,10.30000000
ALRM,76.84000000
ALRN,1.01400000
ALRS,25.28000000
ALSK,3.65500000
ALT,12.44740000
ALTA,28.95500000
ALTM,46.62940000
ALTR,55.19640000
ALTUU,10.25000000
ALTY,11.66770000
ALVR,38.48500000
ALXN,118.25000000
ALXO,87.57000000
ALYA,2.27000000
AMAL,13.42000000
AMAT,87.78500000
AMBA,86.21000000
AMBC,17.37000000
AMCA,31.48000000
AMCI,13.37000000
AMCIU,17.00000000
AMCIW,2.18000000
AMCX,31.80000000
AMD,91.22250000
AMED,264.45990000
AMEH,18.07000000
AMGN,228.47000000
AMHC,10.00000000
AMHCU,10.60000000
AMHCW,1.75000000
AMKR,14.86000000
AMNB,27.11000000
AMOT,46.88890000
AMOV,13.81000000
AMPH,18.83000000
AMRB,11.50000000
AMRH,1.54500000
AMRHW,0.06300000
AMRK,30.02370000
AMRN,4.56100000
AMRS,3.15500000
AMSC,18.71350000
AMSF,57.12500000
AMST,4.76000000
AMSWA,16.24000000
AMTB,15.85000000
AMTBB,12.05000000
AMTI,30.63000000
AMTX,2.30000000
AMWD,93.65000000
AMYT,12.67500000
AMZN,3111.97500000
ANAB,23.35000000
ANAT,85.98000000
ANCN,1.85000000
ANDA,10.50000000
ANDAR,0.33000000
ANDAU,10.99000000
ANDAW,0.38000000
ANDE,23.71000000
ANGI,11.97000000
ANGL,31.82000000
ANGO,15.00000000
ANIK,38.28480000
ANIP,30.37000000
ANIX,3.07000000
ANNX,24.41130000
ANPC,4.79110000
ANSS,334.71000000
ANTE,1.24700000
ANY,1.53000000
AOSL,26.07000000
AOUT,13.77720000
APA,15.78500000
APDN,6.60000000
APEI,32.61000000
APEN,3.70000000
APHA,8.18000000
API,43.32000000
APLS,49.23000000
APLT,20.09000000
APM,2.78500000
APOG,28.85000000
APOP,2.40000000
APOPW,0.20000000
APPF,167.24000000
APPN,144.25000000
APPS,41.49900000
APRE,29.20000000
APTO,4.29000000
APTX,3.61280000
APVO,41.52610000
APWC,2.07000000
APXT,14.38000000
APXTU,16.57000000
APXTW,3.35000000
APYX,7.90000000
AQB,7.02000000
AQMS,1.16000000
AQST,7.64600000
ARAV,6.23020000
ARAY,4.37000000
ARBGU,10.02000000
ARCB,45.55000000
ARCC,16.82000000
ARCE,37.17000000
ARCT,94.53010000
ARDS,6.83000000
ARDX,5.80500000
AREC,1.77000000
ARGX,279.34000000
ARKR,15.44000000
ARLP,5.12000000
ARNA,69.53000000
AROW,30.51000000
ARPO,2.05000000
ARQT,28.16500000
ARRY,36.38500000
ARTL,0.68900000
ARTLW,0.20000000
ARTNA,39.42000000
ARTW,2.40000000
ARVN,28.65000000
ARWR,69.82500000
ARYA,10.74000000
ASET,29.52000000
ASLN,2.07080000
ASMB,6.05000000
ASML,453.93000000
ASND,171.69000000
ASO,16.94000000
ASPS,13.90000000
ASPU,10.95000000
ASRT,0.43720000
ASRV,3.25000000
ASRVP,28.65500000
ASTC,1.92000000
ASTE,62.41000000
ASUR,7.29360000
ASYS,6.38000000
ATAX,4.02000000
ATCX,7.56640000
ATCXW,0.90000000
ATEC,11.57000000
ATEX,29.80000000
ATHA,26.61000000
ATHE,1.47200000
ATHX,1.98000000
ATIF,0.71200000
ATLC,19.20000000
ATLO,24.50000000
ATNF,2.31330000
ATNFW,0.19010000
ATNI,45.96320000
ATNX,12.14000000
ATOM,9.92000000
ATOS,0.88200000
ATRA,23.41500000
ATRC,47.13000000
ATRI,605.10000000
ATRO,12.19100000
ATRS,3.38020000
ATSG,30.19000000
ATVI,82.11000000
ATXI,3.52000000
AUB,32.10000000
AUBAP,26.83000000
AUBN,42.79000000
AUDC,26.72000000
AUPH,14.65000000
AUTL,9.15010000
AUTO,3.03000000
AUVI,5.02830000
AVAV,88.71000000
AVCO,1.20000000
AVCT,5.02500000
AVCTW,0.36010000
AVDL,7.04000000
AVEO,5.09000000
AVGO,410.48000000
AVGOP,1363.00000000
AVGR,0.29980000
AVID,13.18000000
AVIR,27.27010000
AVNW,38.05330000
AVO,13.62000000
AVRO,12.87500000
AVT,31.48000000
AVXL,4.87000000
AWH,4.56000000
AWRE,3.52000000
AXAS,2.41000000
AXDX,6.93750000
AXGN,16.30000000
AXLA,5.32650000
AXNX,45.16000000
AXSM,80.39000000
AXTI,9.46000000
AY,33.17000000
AYLA,10.77000000
AYRO,6.58000000
AYTU,8.27500000
AZN,53.82500000
AZPN,130.28000000
AZRX,0.76000000
AZYO,12.51000000
BAND,161.40000000
BANF,57.74000000
BANFP,28.90000000
BANR,44.74000000
BANX,20.52000000
BASI,7.21000000
BATRA,26.70000000
BATRK,26.54000000
BBBY,18.27000000
BBC,48.32000000
BBCP,3.38000000
BBGI,1.50300000
BBH,169.40000000
BBI,0.68320000
BBIG,1.42190000
BBIO,57.58000000
BBP,50.54000000
BBQ,4.58690000
BBSI,71.13000000
BCBP,11.10000000
BCDA,2.74520000
BCDAW,0.93000000
BCEL,15.73170000
BCLI,4.70470000
BCML,14.96000000
BCOR,13.84000000
BCOV,17.12000000
BCOW,9.86000000
BCPC,110.28000000
BCRX,7.35500000
BCTG,11.00000000
BCYC,18.92500000
BDGE,23.90000000
BDSI,4.23000000
BDSX,14.90000000
BDTX,33.27000000
BEAM,74.75000000
BEAT,59.08000000
BECN,39.05000000
BEEM,34.49000000
BEEMW,28.20000000
BELFA,13.05000000
BELFB,14.42000000
BFC,69.70000000
BFIN,8.69000000
BFIT,24.94000000
BFRA,7.02000000
BFST,19.72000000
BGCP,4.28500000
BGFV,8.60000000
BGNE,222.00000000
BGRN,56.14000000
BHAT,0.89250000
BHF,34.19000000
BHFAL,26.95140000
BHFAO,27.45000000
BHFAP,28.11000000
BHSEU,9.99000000
BHTG,1.27000000
BIB,82.53000000
BICK,36.08000000
BIDU,153.95000000
BIGC,75.34990000
BIIB,245.09000000
BILI,74.65500000
BIMI,1.85000000
BIOC,6.07070000
BIOL,0.29300000
BIS,24.83000000
BIVI,8.25000000
BJK,45.53000000
BJRI,35.00000000
BKCC,2.77000000
BKEP,1.82650000
BKEPP,6.35000000
BKNG,2103.24000000
BKSC,16.44870000
BKYI,3.52970000
BL,121.17000000
BLBD,16.96000000
BLCM,2.87000000
BLCN,38.35000000
BLCT,10.91000000
BLDP,20.12000000
BLDR,35.51000000
BLFS,38.28000000
BLI,90.66940000
BLIN,2.82130000
BLKB,55.70000000
BLMN,17.65000000
BLNK,27.36000000
BLNKW,23.03000000
BLPH,6.10000000
BLRX,2.31220000
BLSA,10.65000000
BLU,3.27000000
BLUE,42.93000000
BMCH,46.46000000
BMLP,37.50000000
BMRA,6.36000000
BMRC,37.66000000
BMRN,76.51000000
BMTC,31.68000000
BND,87.95500000
BNDW,81.96000000
BNDX,58.57500000
BNFT,13.58500000
BNGO,0.50100000
BNGOW,0.15070000
BNR,25.99000000
BNSO,4.40000000
BNTC,2.80230000
BNTX,126.65000000
BOCH,10.20000000
BOKF,69.51000000
BOKFL,26.11000000
BOMN,22.27000000
BOOM,46.81000000
BOSC,2.56000000
BOTJ,11.67280000
BOTZ,32.03000000
BOWX,10.05000000
BOWXU,10.69000000
BOWXW,1.48000000
BOXL,1.81500000
BPFH,7.76000000
BPMC,110.05000000
BPOP,51.58000000
BPOPM,25.74000000
BPOPN,26.74000000
BPRN,24.49000000
BPTH,4.20000000
BPY,15.37000000
BPYPN,22.37000000
BPYPO,23.89000000
BPYPP,24.46000000
BPYU,15.59000000
BPYUP,23.25000000
BREZU,10.15000000
BRID,18.99000000
BRKL,11.84000000
BRKR,53.94000000
BRKS,71.13000000
BRLI,9.90000000
BRLIR,0.32145700
BRLIU,10.75000000
BRLIW,0.70000000
BROG,9.00000000
BROGW,0.60000000
BRP,29.41500000
BRPA,10.87390000
BRPAR,0.23500000
BRPAU,1.10000000
BRPAW,0.45000000
BRQS,1.07000000
BRY,3.90000000
BSAE,25.37500000
BSBE,26.02000000
BSBK,9.14000000
BSCE,26.38000000
BSCK,21.20000000
BSCL,21.26000000
BSCM,21.81660000
BSCN,21.85000000
BSCO,22.27010000
BSCP,22.49000000
BSCQ,21.77000000
BSCR,22.22000000
BSCS,23.39200000
BSCT,21.61000000
BSCU,20.17000000
BSDE,26.26000000
BSET,18.84000000
BSGM,4.53990000
BSJK,23.36010000
BSJL,23.09080000
BSJM,23.28000000
BSJN,25.23000000
BSJO,24.77000000
BSJP,24.30000000
BSJQ,25.39000000
BSJR,25.41000000
BSJS,25.58000000
BSML,25.34000000
BSMM,25.44000000
BSMN,25.58500000
BSMO,25.70000000
BSMP,25.97000000
BSMQ,25.86000000
BSMR,25.66000000
BSMS,26.16000000
BSMT,26.00500000
BSMU,25.52000000
BSQR,1.33000000
BSRR,24.00000000
BSTC,88.53000000
BSVN,11.71000000
BSY,35.71000000
BTAI,42.41000000
BTAQ,9.88000000
BTAQU,10.32000000
BTAQW,0.93990000
BTBT,5.96000000
BTEC,58.25000000
BTWNU,11.79000000
BUG,23.09990000
BUSE,21.17000000
BVXV,3.78100000
BWACU,10.23420000
BWAY,6.30000000
BWB,12.42000000
BWEN,3.96000000
BWFG,19.80000000
BWMX,29.39000000
BXRX,1.09600000
BYFC,1.73000000
BYND,135.06000000
BYSI,10.67000000
BZUN,36.07000000
CAAS,6.80000000
CABA,15.38000000
CAC,36.59000000
CACC,331.15000000
CACG,42.42000000
CAKE,37.11000000
CALA,4.65000000
CALB,16.75000000
CALM,38.00000000
CALT,33.78000000
CAMP,9.82000000
CAMT,20.09000000
CAN,3.62030000
CAPA,10.06000000
CAPAU,10.40000000
CAPAW,1.22000000
CAPR,4.14000000
CAR,38.08800000
CARA,14.84000000
CARE,9.84000000
CARG,24.39000000
CARV,6.62000000
CARZ,49.35000000
CASA,6.94000000
CASH,34.18000000
CASI,2.30500000
CASS,42.76000000
CASY,177.52500000
CATB,1.86000000
CATC,71.35000000
CATH,45.28000000
CATM,34.39000000
CATY,29.81750000
CBAN,14.17000000
CBAT,5.47000000
CBAY,6.87000000
CBFV,20.99000000
CBIO,6.03000000
CBLI,2.75000000
CBMB,13.40000000
CBMG,18.46000000
CBNK,12.67000000
CBOE,88.34000000
CBPO,118.49000000
CBRL,134.62500000
CBSH,62.95500000
CBTX,23.10000000
CCAP,14.75000000
CCB,21.50000000
CCBG,25.45000000
CCCC,30.15000000
CCD,27.71190000
CCLP,1.18000000
CCMP,147.76500000
CCNC,1.70000000
CCNE,21.23000000
CCNEP,25.59000000
CCOI,58.83000000
CCRC,4.85000000
CCRN,9.02000000
CCXI,58.14000000
CD,17.88000000
CDAK,15.36000000
CDC,53.91070000
CDEV,1.78500000
CDK,50.25500000
CDL,47.31800000
CDLX,127.04000000
CDMO,11.17000000
CDMOP,28.50000000
CDNA,66.60000000
CDNS,115.59000000
CDOR,3.54000000
CDTX,2.07000000
CDW,131.70000000
CDXC,5.02000000
CDXS,17.39000000
CDZI,10.14000000
CECE,7.18000000
CEFA,29.68890000
CELC,10.85000000
CELH,35.76000000
CEMI,6.18000000
CENT,37.83110000
CENTA,35.23000000
CENX,11.71000000
CERC,2.62000000
CERE,17.32500000
CEREW,4.68000000
CERN,73.94000000
CERS,7.43000000
CETX,1.31930000
CETXP,2.09000000
CETXW,0.08620000
CEVA,38.49000000
CEY,21.68000000
CEZ,25.87500000
CFA,60.71000000
CFACU,10.35000000
CFB,9.85000000
CFBI,9.57000000
CFBK,15.50000000
CFFI,36.75420000
CFFN,12.35500000
CFII,10.55000000
CFIIU,11.15000000
CFIIW,1.80000000
CFMS,0.69020000
CFO,60.70350000
CFRX,5.25870000
CG,29.58000000
CGBD,11.08000000
CGC,27.38500000
CGEN,12.44000000
CGIX,2.80950000
CGNX,75.52000000
CGO,14.18570000
CGRO,13.42000000
CGROU,14.85230000
CGROW,3.19990000
CHB,14.89180000
CHCI,3.12600000
CHCO,69.00000000
CHDN,195.23000000
CHEF,25.75000000
CHEK,0.36110000
CHEKZ,0.05390000
CHFS,7.10000000
CHI,13.30500000
CHIC,26.45000000
CHKP,119.82000000
CHMA,4.49000000
CHMG,33.70000000
CHNA,29.49000000
CHNG,17.90000000
CHNGU,63.40000000
CHNR,1.40410000
CHPM,10.32000000
CHPMU,11.00000000
CHPMW,1.39000000
CHRS,17.99000000
CHRW,94.21000000
CHSCL,29.24000000
CHSCM,27.95000000
CHSCN,27.89000000
CHSCO,28.78000000
CHSCP,30.12000000
CHTR,645.53000000
CHUY,26.00000000
CHW,9.61000000
CHY,14.01000000
CIBR,39.30000000
CID,29.81000000
CIDM,0.84990000
CIGI,89.04500000
CIH,2.05000000
CIIC,31.57000000
CIICU,36.33430000
CIICW,7.15000000
CIL,40.90690000
CINF,81.02000000
CIVB,17.16000000
CIZ,30.83000000
CIZN,21.07000000
CJJD,1.05500000
CKPT,2.29860000
CLAR,14.09000000
CLBK,14.87000000
CLBS,1.52000000
CLCT,75.49000000
CLDB,16.61000000
CLDX,17.20350000
CLEU,5.60000000
CLFD,25.02000000
CLGN,8.19000000
CLIR,2.66240000
CLLS,26.93500000
CLMT,3.79830000
CLNE,4.53000000
CLOU,25.79000000
CLPS,3.04000000
CLPT,10.55000000
CLRB,1.98000000
CLRBZ,0.20000000
CLRG,28.17000000
CLRO,2.67000000
CLSD,2.00000000
CLSK,14.10000000
CLSN,0.79000000
CLVS,4.87000000
CLWT,3.22000000
CLXT,3.76000000
CMBM,25.21680000
CMCO,40.40000000
CMCSA,50.50500000
CMCT,11.83000000
CMCTP,23.70000000
CME,182.71000000
CMFNL,25.18000000
CMLF,10.60000000
CMLFU,11.17500000
CMLFW,2.74000000
CMLS,9.41000000
CMPI,17.21000000
CMPR,92.40500000
CMPS,55.80000000
CMRX,4.69500000
CMTL,17.76000000
CNBKA,75.74000000
CNCE,11.30000000
CNCR,32.27000000
CNDT,5.08000000
CNET,1.41500000
CNFR,2.31000000
CNFRL,23.90000000
CNMD,101.04000000
CNNB,11.15000000
CNOB,19.99000000
CNSL,5.47000000
CNSP,2.66500000
CNST,28.06500000
CNTG,11.03750000
CNTY,6.22500000
CNXCV,95.00000000
CNXN,45.66000000
COCP,1.56000000
CODA,6.29000000
CODX,10.20000000
COFS,31.90000000
COGT,11.23000000
COHR,134.60000000
COHU,36.62000000
COKE,259.25500000
COLB,34.09000000
COLL,18.98000000
COLM,84.45000000
COMM,12.85000000
COMT,26.10000000
CONE,65.38500000
CONN,11.97000000
CONXU,10.19000000
COOP,27.24000000
CORE,30.98000000
CORT,24.80000000
COST,373.32000000
COUP,314.45000000
COWN,24.27000000
COWNL,27.29000000
COWNZ,25.36000000
CPAH,3.43000000
CPHC,12.30000000
CPIX,3.00010000
CPLP,7.68000000
CPRT,113.77000000
CPRX,3.49000000
CPSH,2.36000000
CPSI,28.42250000
CPSS,4.02000000
CPST,7.28000000
CPTA,14.26860000
CPTAG,23.65000000
CPTAL,23.76000000
CPZ,18.03800000
CRAI,52.01000000
CRBP,1.27500000
CRDF,19.77000000
CREE,95.25000000
CREG,3.82000000
CRESY,4.25000000
CREX,1.07000000
CREXW,0.11050000
CRIS,7.13000000
CRMT,110.95000000
CRNC,86.38000000
CRNT,2.85000000
CRNX,13.38000000
CRON,8.36000000
CROX,62.44560000
CRSA,10.26000000
CRSAU,10.77000000
CRSAW,1.18000000
CRSP,146.91000000
CRSR,35.08500000
CRTD,3.14000000
CRTDW,1.00000000
CRTO,18.60000000
CRTX,36.60000000
CRUS,79.96000000
CRVL,94.48000000
CRVS,3.89850000
CRWD,171.14000000
CRWS,7.57000000
CSA,52.36000000
CSB,49.00000000
CSBR,11.27000000
CSCO,44.20000000
CSCW,0.50640000
CSF,48.33550000
CSGP,853.64000000
CSGS,43.53000000
CSII,36.89000000
CSIQ,37.97000000
CSML,28.01000000
CSOD,42.77000000
CSPI,7.94000000
CSQ,15.45500000
CSSE,16.03000000
CSSEN,25.00000000
CSSEP,23.00000000
CSTE,11.77000000
CSTL,58.22000000
CSTR,12.95500000
CSWC,17.14000000
CSWCL,25.15000000
CSWI,107.75000000
CSX,89.97000000
CTAS,352.09000000
CTBI,37.08000000
CTEC,18.56000000
CTG,6.74000000
CTHR,1.29000000
CTIB,2.08720000
CTIC,3.12710000
CTMX,7.18000000
CTRE,20.95500000
CTRM,0.16780000
CTRN,41.94000000
CTSH,78.46500000
CTSO,8.28000000
CTXR,1.20000000
CTXRW,0.36000000
CTXS,130.92000000
CUBA,5.08000000
CUE,13.08000000
CURI,8.82000000
CURIW,1.00000000
CUTR,21.55000000
CVAC,128.45000000
CVBF,19.45000000
CVCO,181.00000000
CVCY,15.73500000
CVET,27.58000000
CVGI,8.61000000
CVGW,73.56000000
CVLG,16.51000000
CVLT,50.19000000
CVLY,17.16000000
CVV,4.47000000
CWBC,9.14000000
CWBR,1.25000000
CWCO,11.80000000
CWST,58.46000000
CXDC,1.13000000
CXDO,7.02050000
CXSE,62.27000000
CYAD,7.96000000
CYAN,3.15000000
CYBE,27.26000000
CYBR,109.23000000
CYCC,4.33360000
CYCCP,7.00000000
CYCN,3.07830000
CYRN,1.00010000
CYRX,47.72000000
CYTK,20.14500000
CZNC,20.00000000
CZR,71.87000000
CZWI,10.04000000
DADA,40.70000000
DAIO,4.09000000
DAKT,4.55000000
DALI,20.82000000
DARE,1.18500000
DAX,30.14000000
DBDRU,11.13500000
DBVT,2.75000000
DBX,20.99000000
DCOM,15.70000000
DCOMP,24.95000000
DCPH,55.95000000
DCRBU,10.40000000
DCT,39.01000000
DCTH,15.98000000
DDIV,24.26000000
DDOG,96.95000000
DEMZ,22.46000000
DENN,13.20000000
DFFN,0.73950000
DFHT,10.86000000
DFHTU,11.45000000
DFHTW,2.20000000
DFNL,23.42000000
DFPH,10.45000000
DFPHU,10.55000000
DFPHW,1.70000000
DFVL,84.17000000
DFVS,14.12500000
DGICA,14.14500000
DGICB,12.57500000
DGLY,2.68000000
DGNS,11.20500000
DGRE,27.35000000
DGRS,38.61500000
DGRW,53.27000000
DHC,4.56200000
DHCNI,23.75000000
DHCNL,24.16500000
DHIL,147.00000000
DINT,22.70000000
DIOD,68.21000000
DISCA,28.37500000
DISCB,32.35000000
DISCK,25.03000000
DISH,35.84000000
DJCO,276.13000000
DKNG,49.33000000
DLHC,9.61000000
DLPN,3.44000000
DLPNW,0.03710000
DLTH,11.35000000
DLTR,109.57000000
DMAC,6.85000000
DMLP,11.50000000
DMRC,53.21000000
DMTK,11.48000000
DMXF,61.05000000
DNKN,106.46000000
DNLI,78.20500000
DOCU,223.66000000
DOGZ,1.79900000
DOMO,43.38000000
DOOO,62.55000000
DORM,97.43000000
DOX,67.15500000
DOYU,12.56000000
DRAD,2.73500000
DRADP,8.25000000
DRIO,11.00000000
DRIOW,0.04500000
DRIV,22.72000000
DRNA,24.53500000
DRRX,1.99550000
DRTT,2.09000000
DSACU,10.40000000
DSGX,55.81000000
DSKE,6.55000000
DSKEW,0.26220000
DSPG,17.06000000
DSWL,2.90000000
DTEA,1.80000000
DTIL,7.14000000
DTSS,2.14000000
DUO,8.19000000
DUOT,4.30000000
DUSA,28.57000000
DVAX,4.64000000
DVLU,17.91220000
DVOL,23.79990000
DVY,96.86000000
DWAS,71.82480000
DWAT,11.90500000
DWAW,34.83000000
DWCR,30.62560000
DWEQ,26.45000000
DWFI,25.82000000
DWLD,29.85520000
DWMC,26.34430000
DWPP,27.74000000
DWSH,11.53000000
DWSN,2.19000000
DWUS,33.01650000
DXCM,336.15000000
DXGE,30.94000000
DXJS,39.86000000
DXLG,0.32520000
DXPE,22.56500000
DXYN,2.63000000
DYAI,6.30000000
DYN,20.47000000
DYNT,0.77160000
DZSI,13.99000000
EA,132.67000000
EAR,46.91500000
EARS,2.69390000
EAST,1.42500000
EBAY,49.40000000
EBAYL,25.92000000
EBC,15.96000000
EBIX,34.90000000
EBIZ,30.68000000
EBMT,21.95000000
EBON,4.05500000
EBSB,14.38000000
EBTC,26.00000000
ECHO,29.74000000
ECOL,35.24000000
ECOLW,5.90000000
ECOR,1.64000000
ECOW,23.29160000
ECPG,39.23500000
EDAP,4.52000000
EDIT,56.96000000
EDOC,18.62500000
EDRY,5.59000000
EDSA,4.35000000
EDTK,3.05000000
EDUC,15.66350000
EDUT,16.93430000
EEFT,133.97000000
EEMA,85.65000000
EFAS,14.48000000
EFOI,4.46580000
EFSC,35.07000000
EGAN,11.34000000
EGBN,39.62000000
EGHT,28.00000000
EGLE,19.15000000
EGOV,24.38910000
EGRX,46.55500000
EH,19.65000000
EHTH,74.61000000
EIDX,105.43000000
EIGI,9.43000000
EIGR,9.47180000
EKSO,5.24000000
ELOX,2.99000000
ELSE,4.11060000
ELTK,4.73000000
ELYS,2.94000000
EMB,114.48000000
EMCB,76.14000000
EMCF,24.20000000
EMIF,23.99490000
EMKR,4.56650000
EML,22.67000000
EMXC,55.59500000
EMXF,40.89000000
ENDP,5.26000000
ENG,1.91990000
ENLV,10.16500000
ENOB,2.99000000
ENPH,129.36360000
ENSG,75.80000000
ENTA,42.76500000
ENTG,92.35000000
ENTX,1.28000000
ENTXW,0.19920000
ENZL,67.05000000
EOLS,3.63000000
EOSE,14.83000000
EOSEW,3.82000000
EPAY,49.51000000
EPIX,6.89000000
EPSN,3.29000000
EPZM,12.15000000
EQ,4.57500000
EQBK,21.41000000
EQIX,683.72000000
EQOS,6.40450000
EQOSW,0.82000000
EQRR,38.77000000
ERES,9.83000000
ERESU,10.29000000
ERESW,1.03000000
ERIC,12.29170000
ERIE,227.69000000
ERII,12.00000000
ERYP,9.05000000
ESBK,11.51000000
ESCA,18.34000000
ESEA,5.37000000
ESG,90.21000000
ESGD,71.85000000
ESGE,40.99000000
ESGG,121.71500000
ESGR,196.98000000
ESGRO,27.48000000
ESGRP,28.49000000
ESGU,84.02000000
ESLT,118.63000000
ESPO,66.93000000
ESPR,29.58000000
ESQ,19.35000000
ESSA,16.22000000
ESSC,9.96000000
ESSCR,0.34500000
ESSCU,10.53000000
ESSCW,0.36000000
ESTA,29.28000000
ESXB,6.81000000
ETAC,9.92000000
ETACU,10.30000000
ETACW,1.22000000
ETNB,27.00000000
ETON,8.66000000
ETSY,162.42000000
ETTX,1.76000000
EUCRU,10.28000000
EUFN,17.24000000
EVBG,125.98000000
EVER,32.36000000
EVFM,2.15000000
EVGBC,1.10000000
EVGN,4.13000000
EVK,3.41000000
EVLMC,1.10000000
EVLO,5.95000000
EVOK,2.93000000
EVOL,2.02400000
EVOP,25.41000000
EVSTC,99.98000000
EWBC,46.46750000
EWEB,15.23000000
EWJE,37.89000000
EWJV,25.51000000
EWZS,16.29000000
EXAS,133.92800000
EXC,40.88500000
EXEL,18.97000000
EXFO,2.94000000
EXLS,82.81000000
EXPC,10.17000000
EXPCU,10.36000000
EXPCW,1.40000000
EXPD,90.17500000
EXPE,127.18000000
EXPI,58.22110000
EXPO,85.87500000
EXTR,6.08000000
EYE,46.08000000
EYEG,3.65000000
EYEN,3.97000000
EYES,1.44500000
EYESW,0.25000000
EYPT,4.43000000
EZPW,5.31000000
FAAR,27.51000000
FAB,58.36590000
FAD,97.78000000
FALN,29.15500000
FAMI,0.99010000
FANG,48.57000000
FANH,13.47500000
FARM,4.30160000
FARO,68.11000000
FAST,48.96000000
FAT,6.23000000
FATBP,18.28000000
FATBW,2.50000000
FATE,88.57000000
FB,274.36500000
FBIO,2.44500000
FBIOP,18.95000000
FBIZ,19.74000000
FBMS,29.31000000
FBNC,33.20190000
FBRX,35.58250000
FBSS,17.46000000
FBZ,12.65000000
FCA,27.32000000
FCAC,10.25000000
FCACU,10.50000000
FCAL,53.81000000
FCAP,66.01000000
FCBC,22.32190000
FCBP,17.90000000
FCCO,17.37500000
FCCY,18.10000000
FCEF,22.02000000
FCEL,8.35940000
FCFS,70.45500000
FCNCA,607.00000000
FCNCP,26.44000000
FCRD,3.90000000
FCVT,46.44000000
FDBC,63.39000000
FDIV,48.04820000
FDNI,43.40000000
FDT,55.52870000
FDTS,40.66500000
FDUS,12.54000000
FDUSG,25.23000000
FDUSL,25.25000000
FDUSZ,25.15000000
FEIM,9.95000000
FELE,70.17000000
FEM,23.69500000
FEMB,37.74500000
FEMS,38.86000000
FENC,7.76080000
FEP,37.15010000
FEUZ,41.32000000
FEX,71.59900000
FEYE,13.44000000
FFBC,17.21000000
FFBW,9.89000000
FFHL,6.53000000
FFIC,15.88500000
FFIN,34.80000000
FFIV,168.98000000
FFNW,11.00000000
FFWM,18.74000000
FGBI,17.50000000
FGEN,41.14000000
FGM,49.72000000
FHB,23.06000000
FHTX,20.64500000
FIBK,40.04000000
FID,16.26000000
FIII,11.44180000
FIIIU,12.20000000
FIIIW,2.57000000
FINX,43.28570000
FISI,21.99000000
FISV,113.90000000
FITB,27.57500000
FITBI,28.90000000
FITBO,27.77000000
FITBP,27.29000000
FIVE,164.84000000
FIVN,152.96000000
FIXD,55.19000000
FIXX,8.99000000
FIZZ,88.63000000
FJP,50.49000000
FKU,36.00000000
FLDM,6.24950000
FLEX,16.29000000
FLGT,48.26000000
FLIC,17.68000000
FLIR,41.82000000
FLL,3.54000000
FLMN,3.03320000
FLMNW,0.15000000
FLN,18.54000000
FLNT,3.71750000
FLUX,9.56000000
FLWS,22.40000000
FLXN,11.56000000
FLXS,31.94000000
FMAO,23.19000000
FMB,56.57500000
FMBH,33.00000000
FMBI,15.20000000
FMBIO,28.01000000
FMBIP,27.20000000
FMHI,53.39000000
FMK,42.73000000
FMNB,13.50000000
FMTX,50.62000000
FNCB,6.76000000
FNHC,5.24000000
FNK,35.49710000
FNKO,10.30620000
FNLC,25.97000000
FNWB,15.63000000
FNX,80.36000000
FNY,62.20730000
FOCS,45.17000000
FOLD,21.93000000
FONR,19.01000000
FORD,1.73500000
FORM,42.42000000
FORR,43.37000000
FORTY,78.82000000
FOSL,13.08000000
FOX,28.54000000
FOXA,29.05000000
FOXF,98.11500000
FPA,31.22000000
FPAY,2.27000000
FPRX,15.72000000
FPXE,27.73000000
FPXI,64.19000000
FRAF,28.10000000
FRAN,2.51380000
FRBA,9.61000000
FRBK,2.99000000
FREE,9.94000000
FREEW,1.10020000
FREQ,33.07000000
FRG,26.80500000
FRGAP,26.10000000
FRGI,12.87740000
FRHC,42.86000000
FRLN,16.63000000
FRME,36.00010000
FROG,67.33500000
FRPH,45.06000000
FRPT,132.43000000
FRSX,1.44500000
FRTA,18.19000000
FSBW,56.47000000
FSDC,10.28000000
FSEA,9.05000000
FSFG,64.00000000
FSLR,86.80000000
FSRV,10.20000000
FSRVU,10.53010000
FSRVW,1.40000000
FSTR,15.09500000
FSV,130.76000000
FSZ,58.26000000
FTA,55.00020000
FTAG,25.19000000
FTC,92.26170000
FTCS,66.60000000
FTDR,49.91000000
FTEK,3.97000000
FTFT,2.03400000
FTGC,18.51840000
FTHI,20.08000000
FTHM,26.73500000
FTIV,10.24000000
FTIVU,10.68000000
FTIVW,1.85000000
FTLB,19.98000000
FTNT,125.97000000
FTOC,9.93430000
FTOCU,10.43970000
FTOCW,1.60000000
FTRI,11.86000000
FTSL,47.19000000
FTSM,60.04500000
FTXD,28.47000000
FTXG,23.13620000
FTXH,25.51000000
FTXL,57.74000000
FTXN,12.06000000
FTXO,22.85000000
FTXR,27.99000000
FULC,13.15000000
FULT,13.29000000
FULTP,25.97000000
FUNC,15.92000000
FUND,6.95000000
FUSB,9.08000000
FUSN,12.08000000
FUTU,44.36030000
FUV,12.87920000
FV,39.11900000
FVAM,10.05000000
FVC,30.04000000
FVCB,13.60000000
FVE,7.03000000
FWONA,38.75000000
FWONK,42.62500000
FWP,7.20000000
FWRD,73.45000000
FXNC,15.67000000
FYC,57.95940000
FYT,41.00000000
FYX,74.36690000
GABC,32.24000000
GAIA,10.22000000
GAIN,10.00000000
GAINL,25.24000000
GAINM,25.47500000
GALT,2.58000000
GAN,15.92000000
GASS,2.40000000
GBCI,43.86500000
GBDC,13.63440000
GBIO,37.55000000
GBLI,26.57000000
GBLIL,26.66000000
GBT,40.87000000
GCBC,26.62000000
GCMG,13.89000000
GDEN,18.48000000
GDRX,38.38000000
GDS,90.72000000
GDYN,11.61000000
GDYNW,3.12000000
GEC,2.44000000
GECC,3.85000000
GECCL,24.80000000
GECCM,23.85000000
GECCN,23.44000000
GENC,13.15000000
GENE,3.84000000
GENY,55.51500000
GEOS,8.17000000
GERN,1.75000000
GEVO,1.71860000
GFED,16.34000000
GFN,9.21000000
GFNCP,100.12230000
GFNSL,25.47000000
GFNSZ,26.10000000
GGAL,8.83000000
GH,125.13000000
GHIV,10.99010000
GHIVU,11.51000000
GHIVW,2.83000000
GHSI,0.24890000
GIFI,3.00000000
GIGE,34.78000000
GIGM,3.21500000
GIII,23.27500000
GILD,60.34000000
GILT,6.25000000
GLAD,8.57000000
GLADD,25.22000000
GLADL,25.65000000
GLBS,6.38000000
GLBZ,9.90000000
GLDD,11.61000000
GLDI,9.52500000
GLG,1.73000000
GLIBA,92.29000000
GLIBP,28.31000000
GLMD,3.49000000
GLNG,9.70000000
GLPG,118.66000000
GLPI,42.42000000
GLRE,7.88000000
GLSI,110.55000000
GLTO,14.30000000
GLUU,9.13000000
GLYC,3.50500000
GMAB,38.70000000
GMBL,5.70000000
GMBLW,3.70000000
GMDA,9.60000000
GMHI,18.00000000
GMHIU,19.51000000
GMHIW,5.12000000
GMLP,2.87000000
GMLPP,22.55000000
GNCA,2.20000000
GNFT,5.39940000
GNLN,3.71000000
GNMA,50.84000000
GNMK,13.15820000
GNOM,22.89000000
GNPX,3.41000000
GNRS,10.03000000
GNRSU,10.54000000
GNRSW,0.60000000
GNSS,6.72000000
GNTX,33.16000000
GNTY,30.00000000
GNUS,1.52950000
GO,37.44500000
GOCO,12.39780000
GOGL,4.44990000
GOGO,11.13000000
GOLD,23.49500000
GOOD,18.34000000
GOODM,25.52000000
GOODN,25.70000000
GOOG,1763.71000000
GOOGL,1757.46000000
GOSS,9.32830000
GOVX,4.40370000
GOVXW,1.05000000
GP,19.78620000
GPP,8.80000000
GPRE,14.74000000
GPRO,8.54800000
GRAY,21.62500000
GRBK,21.51860000
GRCY,10.05000000
GRCYU,10.35000000
GRCYW,0.49000000
GRFS,18.85000000
GRID,76.09000000
GRIF,71.00000000
GRIL,2.06270000
GRIN,3.92000000
GRMN,119.44000000
GRNQ,1.37500000
GRNV,10.15000000
GRNVR,0.37000000
GRNVU,11.20000000
GRNVW,0.80030000
GROW,3.91020000
GRPN,34.86000000
GRSV,10.13170000
GRSVU,10.50000000
GRSVW,1.90000000
GRTS,2.93300000
GRTX,10.41000000
GRVY,167.49000000
GRWG,31.74000000
GSBC,48.00000000
GSHD,112.22500000
GSIT,7.20000000
GSKY,4.36000000
GSM,1.66110000
GSMG,2.85000000
GSMGW,0.09000000
GSUM,1.69000000
GT,10.43000000
GTEC,8.61740000
GTH,13.11000000
GTHX,19.84440000
GTIM,1.75000000
GTLS,113.00000000
GTYH,3.97500000
GURE,4.50000000
GVP,1.15000000
GWACU,9.99000000
GWGH,7.45000000
GWPH,121.77500000
GWRS,14.81000000
GXGX,11.48000000
GXGXU,11.70000000
GXGXW,2.48000000
GXTG,42.66690000
GYRO,16.79000000
HA,19.59000000
HAACU,10.98990000
HAFC,11.26500000
HAIN,37.31000000
HALL,3.27370000
HALO,39.66000000
HAPP,1.86500000
HARP,13.17250000
HAS,88.79000000
HAYN,24.48000000
HBAN,12.81500000
HBANN,26.51000000
HBANO,25.74000000
HBCP,28.23000000
HBIO,4.07900000
HBMD,12.62000000
HBNC,15.24500000
HBP,3.60000000
HBT,15.00000000
HCAC,19.91000000
HCACU,23.70000000
HCACW,5.50000000
HCAP,7.00000000
HCAPZ,24.80000000
HCAT,37.90000000
HCCH,23.31000000
HCCHR,2.31000000
HCCHU,39.60000000
HCCHW,9.67000000
HCCI,21.11000000
HCDI,4.68000000
HCKT,13.92000000
HCM,28.57000000
HCSG,24.41000000
HDS,55.88000000
HDSN,1.41000000
HEAR,19.53000000
HEC,9.92000000
HECCU,10.45000000
HECCW,1.09000000
HEES,28.30000000
HELE,213.23000000
HEPA,1.62500000
HERD,28.44000000
HERO,29.23000000
HEWG,28.75000000
HFBL,26.52000000
HFEN,5.26880000
HFFG,8.46360000
HFWA,23.97000000
HGBL,2.13000000
HGEN,9.29000000
HGSH,2.05000000
HHR,26.85000000
HIBB,45.73500000
HIFS,221.94000000
HIHO,3.77000000
HIMX,6.68600000
HJLI,8.22000000
HJLIW,0.09080000
HLAL,32.91000000
HLG,64.50000000
HLIO,51.27000000
HLIT,6.87000000
HLNE,72.23000000
HLXA,10.65000000
HMHC,3.25000000
HMNF,16.24000000
HMST,33.39000000
HMSY,31.84000000
HMTV,11.01000000
HNDL,25.28500000
HNNA,8.86000000
HNRG,1.00000000
HOFT,32.86440000
HOFV,1.36280000
HOFVW,0.34000000
HOL,9.95000000
HOLI,13.86000000
HOLUU,10.25000000
HOLUW,1.34990000
HOLX,72.80000000
HOMB,19.08000000
HONE,10.64000000
HOOK,12.96000000
HOPE,10.69000000
HOTH,1.76200000
HOVNP,7.25000000
HPK,10.96000000
HPKEW,1.60000000
HQI,9.08000000
HQY,64.40000000
HRMY,42.55000000
HROW,5.82000000
HRTX,17.53000000
HRZN,12.75000000
HSAQ,12.00000000
HSDT,0.41000000
HSIC,70.94000000
HSII,27.90000000
HSKA,139.87000000
HSON,10.64000000
HST,14.81000000
HSTM,20.20000000
HSTO,1.23000000
HTBI,18.68000000
HTBK,8.90000000
HTBX,0.91380000
HTGM,5.53370000
HTHT,47.37500000
HTIA,22.27000000
HTLD,18.64000000
HTLF,42.20000000
HTLFP,28.02000000
HUBG,57.84000000
HUGE,1.68000000
HUIZ,7.21000000
HURC,33.12000000
HURN,50.32000000
HUSN,2.65000000
HVBC,15.83000000
HWBK,20.96000000
HWC,30.40000000
HWCC,2.74500000
HWCPL,26.10000000
HWCPZ,26.87000000
HWKN,53.52000000
HX,2.36000000
HYAC,9.37800000
HYACU,9.59660000
HYACW,1.20000000
HYLS,48.59000000
HYMC,6.99000000
HYMCW,1.41000000
HYMCZ,0.20010000
HYRE,7.28430000
HYXF,52.27990000
HYZD,21.73000000
HZNP,71.71700000
IAC,145.41500000
IART,56.68500000
IBB,148.09000000
IBBJ,32.60000000
IBCP,18.05000000
IBEX,19.87000000
IBKR,55.08000000
IBOC,35.46500000
IBTA,25.35000000
IBTB,25.43500000
IBTD,25.71000000
IBTE,25.88500000
IBTF,26.03500000
IBTG,26.13000000
IBTH,26.17000000
IBTI,26.22000000
IBTJ,26.15320000
IBTK,24.43000000
IBTX,59.03000000
IBUY,106.89000000
ICAD,12.24000000
ICBK,21.93000000
ICCC,6.20000000
ICCH,14.00000000
ICFI,77.14000000
ICHR,32.44000000
ICLK,7.39000000
ICLN,23.29000000
ICLR,196.43500000
ICMB,4.18000000
ICON,1.09000000
ICPT,32.96000000
ICUI,195.95250000
IDCC,60.51000000
IDEX,1.98000000
IDLB,29.03810000
IDN,9.45000000
IDRA,4.47500000
IDXG,3.33290000
IDXX,452.71000000
IDYA,16.12280000
IEA,10.53000000
IEAWW,1.27980000
IEC,11.70000000
IEF,119.78980000
IEI,132.80000000
IEP,50.39000000
IESC,42.98000000
IEUS,59.01010000
IFGL,26.51410000
IFMK,0.81900000
IFRX,4.98000000
IFV,21.28000000
IGACU,10.40000000
IGF,43.93100000
IGIB,61.33500000
IGIC,7.75100000
IGICW,0.66000000
IGMS,110.66000000
IGOV,54.93300000
IGSB,55.00000000
IHRT,12.32000000
III,3.08000000
IIIN,24.04640000
IIIV,28.92000000
IIN,17.11000000
IIVI,70.34000000
IIVIP,301.95000000
IJT,109.53000000
IKNX,6.21000000
ILMN,342.99000000
ILPT,22.80230000
IMAB,37.58000000
IMAC,1.05900000
IMACW,0.18000000
IMBI,5.43000000
IMGN,6.09500000
IMKTA,42.11540000
IMMP,7.68500000
IMMR,8.38000000
IMNM,11.46000000
IMOS,25.66720000
IMRA,24.82000000
IMRN,6.80000000
IMRNW,1.35000000
IMTE,4.18000000
IMTX,10.13000000
IMTXW,2.86000000
IMUX,17.88500000
IMV,3.14000000
IMVT,46.46000000
IMXI,16.17000000
INAQ,12.61120000
INAQU,13.19000000
INAQW,2.90000000
INBK,27.76000000
INBKL,25.00000000
INBKZ,26.25000000
INBX,33.83000000
INCY,81.48000000
INDB,72.84000000
INDY,40.68000000
INFI,2.08220000
INFN,8.55000000
INFO,90.32000000
INFR,29.66580000
INGN,39.07000000
INM,3.15000000
INMB,8.51890000
INMD,42.63000000
INO,11.25000000
INOD,5.21310000
INOV,19.36000000
INPX,1.06000000
INSE,6.86000000
INSG,11.72000000
INSM,39.56000000
INTC,49.83010000
INTG,36.10000000
INTU,360.74000000
INTZ,14.48500000
INVA,10.39000000
INVE,7.58000000
INVO,3.22000000
INZY,23.61000000
IONS,46.67000000
IOSP,86.94000000
IOVA,46.94810000
IPAR,56.34500000
IPDN,1.48000000
IPGP,207.69000000
IPHA,5.21000000
IPHI,148.80010000
IPKW,37.47000000
IPLDP,26.37000000
IPWR,7.52270000
IQ,21.68000000
IRBT,76.54000000
IRCP,9.71950000
IRDM,34.32000000
IRIX,1.90700000
IRMD,24.78000000
IROQ,21.84000000
IRTC,196.23000000
IRWD,11.88000000
ISBC,10.29000000
ISDX,26.73000000
ISEE,6.85910000
ISEM,26.17940000
ISHG,84.09000000
ISIG,0.93000000
ISNS,4.43500000
ISRG,757.16000000
ISSC,6.87000000
ISTB,51.54470000
ISTR,16.71000000
ITAC,9.99000000
ITACU,10.65000000
ITACW,0.76400000
ITCI,25.65310000
ITEQ,62.42000000
ITI,5.76000000
ITIC,152.70000000
ITMR,19.19980000
ITOS,30.23440000
ITRI,84.70000000
ITRM,0.80400000
ITRN,17.69000000
IUS,31.05000000
IUSB,54.28700000
IUSG,85.81980000
IUSS,28.61000000
IUSV,61.86000000
IVA,12.00000000
IVAC,6.13500000
IXUS,66.29000000
IZEA,0.83940000
JACK,88.81000000
JAGX,0.34300000
JAKK,4.71000000
JAMF,31.37000000
JAN,4.42910000
JAZZ,147.15000000
JBHT,137.18000000
JBLU,15.33000000
JBSS,76.29000000
JCOM,95.29000000
JCS,4.42000000
JCTCF,9.16000000
JD,81.62000000
JFIN,3.76000000
JFU,1.42000000
JG,3.40000000
JJSF,150.94000000
JKHY,156.91000000
JKI,157.48000000
JMPNL,24.81000000
JMPNZ,23.70000000
JNCE,6.74000000
JOBS,73.43000000
JOUT,87.70000000
JRJC,9.55000000
JRSH,5.35000000
JRVR,47.12000000
JSM,23.94000000
JSMD,59.79000000
JSML,59.74000000
JUPW,4.20000000
JUPWW,0.46010000
JVA,3.72000000
JYNT,26.23500000
KALA,7.49000000
KALU,93.92000000
KALV,18.10000000
KBAL,11.96000000
KBNT,7.35000000
KBNTW,2.05830000
KBSF,2.75000000
KBWB,48.72900000
KBWD,16.50000000
KBWP,66.67290000
KBWY,21.11000000
KC,42.55000000
KCAPL,25.03000000
KDMN,4.36820000
KDNY,13.28000000
KDP,30.49000000
KE,15.57500000
KELYA,22.35000000
KELYB,22.15000000
KEQU,9.33390000
KERN,3.46000000
KERNW,0.41600000
KFFB,7.15000000
KFRC,42.91000000
KHC,34.05000000
KIDS,44.75000000
KIN,3.72000000
KINS,5.98000000
KIRK,17.19000000
KLAC,257.70000000
KLDO,8.08000000
KLIC,32.75000000
KLXE,7.44000000
KMDA,6.35000000
KNDI,8.52500000
KNSA,17.37000000
KNSL,232.99000000
KOD,122.60000000
KOPN,1.71000000
KOR,2.43500000
KOSS,2.41000000
KPTI,15.46000000
KRBP,9.00000000
KRKR,3.09000000
KRMA,26.78000000
KRMD,5.40000000
KRNT,86.34000000
KRNY,10.53000000
KRON,31.45000000
KROS,73.94500000
KRTX,93.76000000
KRUS,17.99000000
KRYS,54.20290000
KSMT,9.90000000
KSMTU,10.16000000
KSMTW,1.00000000
KSPN,12.23000000
KTCC,8.04000000
KTOS,23.74000000
KTOV,4.09000000
KTRA,1.50000000
KURA,40.00500000
KVHI,10.63000000
KWEB,76.66000000
KXIN,4.02500000
KYMR,57.82000000
KZIA,9.83000000
KZR,5.51000000
LACQ,10.63000000
LACQU,12.67000000
LACQW,0.76100000
LAKE,21.56000000
LAMR,78.26000000
LANC,173.63000000
LAND,14.68610000
LANDO,24.49000000
LANDP,26.14000000
LARK,23.55000000
LASR,33.62000000
LATN,10.05000000
LATNU,10.84290000
LATNW,0.70000000
LAUR,14.59000000
LAWS,50.25000000
LAZY,13.97960000
LBAI,12.60000000
LBC,10.25000000
LBRDA,156.91000000
LBRDK,159.47000000
LBTYA,23.91500000
LBTYB,23.91000000
LBTYK,22.98000000
LCA,23.42220000
LCAHU,25.26000000
LCAHW,8.80000000
LCAP,9.92000000
LCAPU,10.30000000
LCAPW,1.05000000
LCNB,15.00000000
LCUT,14.03700000
LCYAU,10.46000000
LDEM,58.74000000
LDSF,20.49060000
LE,19.36000000
LECO,119.73000000
LEDS,3.10080000
LEGH,14.78000000
LEGN,27.75000000
LEGR,36.47000000
LESL,20.20000000
LEVL,20.97000000
LEVLP,26.49000000
LFAC,10.65000000
LFACU,11.10000000
LFACW,1.94000000
LFTRU,10.11000000
LFUS,244.12000000
LFVN,10.44000000
LGHL,2.24000000
LGHLW,0.08730000
LGIH,106.24000000
LGND,90.25000000
LHCG,201.68000000
LI,31.90970000
LIFE,4.15000000
LILA,11.19000000
LILAK,11.20000000
LINC,6.05000000
LIND,14.27760000
LIQT,8.69000000
LITE,87.31000000
LIVE,11.53000000
LIVK,9.92000000
LIVKU,10.50000000
LIVKW,0.69000000
LIVN,58.55000000
LIVX,2.57000000
LIZI,3.44000000
LJPC,4.54420000
LKCO,0.55000000
LKFN,52.49000000
LKOR,64.10000000
LKQ,36.68500000
LLIT,4.38900000
LLNW,4.05000000
LMAT,35.77000000
LMB,12.74000000
LMBS,51.42500000
LMFA,0.64230000
LMNL,4.26750000
LMNR,15.04000000
LMNX,23.64880000
LMPX,25.96500000
LMRK,10.92000000
LMRKN,25.10000000
LMRKO,25.08000000
LMRKP,25.60000000
LMST,14.70000000
LNDC,11.65500000
LNGR,26.98000000
LNSR,8.42690000
LNT,51.95000000
LNTH,14.98000000
LOAC,10.77000000
LOACR,0.75000000
LOACU,12.05000000
LOACW,0.79000000
LOAN,4.99500000
LOB,41.15500000
LOCO,17.86000000
LOGC,7.24000000
LOGI,88.39500000
LOOP,10.11990000
LOPE,88.30810000
LORL,21.38330000
LOVE,39.95000000
LPCN,1.30000000
LPLA,97.63000000
LPRO,31.97500000
LPSN,55.15500000
LPTH,3.07000000
LPTX,1.93460000
LQDA,2.80000000
LQDT,15.66560000
LRCX,492.23000000
LRGE,48.52000000
LRMR,22.30000000
LSAC,15.40000000
LSACU,16.85000000
LSACW,1.60000000
LSAQ,10.45000000
LSBK,13.56000000
LSCC,41.01500000
LSTR,138.62000000
LSXMA,42.21000000
LSXMB,43.20000000
LSXMK,41.86500000
LTBR,3.17000000
LTRN,15.56340000
LTRPA,4.27000000
LTRPB,32.55000000
LTRX,4.91800000
LULU,362.00000000
LUMO,17.16190000
LUNA,8.87000000
LUNG,51.50000000
LUXAU,11.00000000
LVHD,32.62000000
LWAY,5.89000000
LX,6.40000000
LXEH,9.23000000
LXRX,2.76010000
LYFT,46.51000000
LYL,2.95060000
LYRA,9.31620000
LYTS,8.36000000
MAACU,10.19230000
MACK,8.76000000
MACUU,10.11720000
MAGS,4.68000000
MANH,99.20000000
MANT,81.38890000
MAR,130.05000000
MARA,4.69000000
MARK,1.60500000
MARPS,3.39000000
MASI,269.00000000
MAT,16.12000000
MATW,28.60000000
MAXN,25.66000000
MAYS,23.09000000
MBB,109.94800000
MBCN,21.60000000
MBII,1.30000000
MBIN,27.76000000
MBINO,26.01000000
MBINP,27.20000000
MBIO,2.94500000
MBNKP,22.00000000
MBOT,7.28780000
MBRX,0.79460000
MBSD,24.02000000
MBUU,58.63000000
MBWM,25.76000000
MCAC,10.50500000
MCACR,0.74000000
MCACU,11.00000000
MCBC,8.05000000
MCBS,14.20000000
MCEF,20.04000000
MCEP,2.86000000
MCFE,15.65000000
MCFT,22.48200000
MCHI,79.85000000
MCHP,140.38000000
MCHX,2.31000000
MCMJ,9.95000000
MCMJW,0.89000000
MCRB,23.33990000
MCRI,54.06000000
MDB,291.60500000
MDCA,2.21000000
MDGL,119.07000000
MDGS,1.90890000
MDGSW,0.40000000
MDIA,2.50000000
MDIV,15.25370000
MDJH,3.56900000
MDLZ,57.77000000
MDNA,3.89990000
MDRR,2.27500000
MDRRP,12.50000000
MDRX,14.51000000
MDWD,3.58000000
MDXG,5.93000000
MEDP,139.24300000
MEDS,5.55000000
MEIP,2.84000000
MELI,1549.74000000
MEOH,44.01000000
MERC,9.82150000
MESA,7.28000000
MESO,16.50000000
METC,3.32350000
METX,2.35000000
METXW,0.30000000
MFH,2.70000000
MFIN,5.54000000
MFINL,25.50000000
MFNC,13.06000000
MGEE,70.08000000
MGEN,18.14000000
MGI,6.05000000
MGIC,14.95000000
MGLN,79.51000000
MGNI,18.83000000
MGNX,22.92000000
MGPI,45.79000000
MGRC,64.01520000
MGTA,7.31910000
MGTX,12.93000000
MGYR,9.09000000
MHLD,2.05000000
MICT,1.71300000
MIDD,135.76500000
MIK,12.49000000
MILN,36.04000000
MIME,45.75000000
MIND,2.59000000
MINDP,21.70000000
MIRM,24.73740000
MIST,7.17000000
MITK,13.24000000
MITO,1.40500000
MKD,1.00000000
MKGI,3.39990000
MKSI,149.02000000
MKTX,565.27000000
MLAB,266.99000000
MLAC,9.85000000
MLACU,10.22000000
MLACW,0.67000000
MLCO,18.82000000
MLHR,38.42500000
MLND,1.99000000
MLVF,16.99000000
MMAC,24.90500000
MMLP,1.79500000
MMSI,56.19000000
MMYT,24.70000000
MNCL,10.78000000
MNCLU,11.45000000
MNCLW,0.70650000
MNDO,2.52000000
MNKD,2.86000000
MNOV,6.25000000
MNPR,5.73000000
MNRO,48.05000000
MNSB,16.58000000
MNSBP,26.48000000
MNST,88.01000000
MNTX,4.59000000
MOBL,7.04000000
MOFG,25.24000000
MOGO,2.90000000
MOHO,2.33000000
MOMO,13.74000000
MOR,27.62780000
MORF,32.89000000
MORN,202.04000000
MOSY,1.66590000
MOTNU,10.20000000
MOTS,1.09000000
MOXC,1.35000000
MPAA,23.51000000
MPB,23.70000000
MPWR,308.17000000
MRAM,5.00000000
MRBK,20.50000000
MRCC,9.20000000
MRCCL,25.10000000
MRCY,81.44500000
MREO,2.01000000
MRIN,1.94500000
MRKR,1.57910000
MRLN,12.34000000
MRNA,154.78500000
MRNS,13.20000000
MRSN,23.43000000
MRTN,17.95000000
MRTX,237.41750000
MRUS,17.30000000
MRVI,24.51000000
MRVL,42.42000000
MSBI,17.60000000
MSEX,71.96000000
MSFT,212.43000000
MSON,12.76000000
MSTR,289.97000000
MSVB,14.44000000
MTBC,10.34000000
MTBCP,26.01000000
MTC,1.47000000
MTCH,143.85000000
MTCR,9.40000000
MTEM,8.25500000
MTEX,19.80000000
MTLS,43.27000000
MTP,1.85500000
MTRX,9.53950000
MTSC,57.96000000
MTSI,47.25000000
MTSL,1.38000000
MU,70.68000000
MVBF,21.12000000
MVIS,2.64900000
MWK,10.36000000
MXIM,84.48000000
MYFW,18.38000000
MYGN,18.85000000
MYRG,58.49000000
MYSZ,1.14000000
MYT,1.74000000
NAII,9.77000000
NAKD,0.15840000
NAOV,1.00010000
NARI,67.64000000
NATH,58.79000000
NATI,38.98000000
NATR,13.15000000
NAVI,9.49000000
NBAC,14.65000000
NBACR,1.11000000
NBACU,17.89000000
NBACW,2.15000000
NBEV,3.01000000
NBIX,91.89000000
NBLX,10.60000000
NBN,22.02000000
NBRV,3.48520000
NBSE,7.83000000
NBTB,31.94000000
NCBS,70.43000000
NCLH,27.20980000
NCMI,3.77000000
NCNA,4.72000000
NCNO,81.54000000
NCSM,19.27000000
NCTY,3.05800000
NDAQ,125.67000000
NDLS,8.27000000
NDRA,0.83990000
NDRAW,0.13900000
NDSN,196.83000000
NEO,49.36000000
NEOG,78.06000000
NEON,7.30000000
NEOS,0.78000000
NEPH,6.65000000
NEPT,1.54000000
NERV,2.62500000
NESR,9.64000000
NESRW,1.36000000
NETE,11.05000000
NEWA,3.52860000
NEWT,18.11000000
NEWTI,25.35000000
NEWTL,25.15000000
NEXT,2.43010000
NFBK,11.65000000
NFE,49.77000000
NFLX,498.36000000
NFTY,37.32000000
NGACU,10.28000000
NGHC,34.14000000
NGHCN,26.07000000
NGHCO,25.46000000
NGHCP,25.43000000
NGHCZ,25.29000000
NGM,24.32000000
NGMS,20.50000000
NH,2.67000000
NHIC,9.96000000
NHICU,10.50000000
NHICW,1.12000000
NHLD,2.92970000
NHLDW,0.10000000
NHTC,5.34000000
NICE,237.66000000
NICK,8.25000000
NISN,15.25000000
NIU,28.17000000
NK,10.55000000
NKLA,18.21540000
NKSH,33.01000000
NKTR,16.89000000
NKTX,67.10000000
NLOK,19.21500000
NLTX,11.81000000
NMCI,3.01010000
NMFC,11.79000000
NMFCL,25.18000000
NMIH,24.24500000
NMMC,10.30000000
NMMCU,10.60000000
NMMCW,1.61000000
NMRD,3.66000000
NMRK,7.48000000
NMTR,0.80740000
NNBR,6.16800000
NNDM,6.55500000
NNOX,43.09000000
NOACU,10.80000000
NODK,17.17000000
NOVN,0.57100000
NOVS,16.32000000
NOVSU,19.77960000
NOVSW,4.25010000
NOVT,116.36000000
NPA,10.28000000
NPAUU,11.50000000
NPAWW,1.24000000
NRBO,5.63510000
NRC,46.87000000
NRIM,32.72000000
NRIX,41.54000000
NSEC,11.00000000
NSIT,72.81000000
NSSC,30.23000000
NSTG,63.05000000
NSYS,4.75000000
NTAP,60.37000000
NTCT,25.64000000
NTEC,4.67000000
NTES,87.32500000
NTGR,33.96000000
NTIC,10.28000000
NTLA,50.65000000
NTNX,29.34010000
NTRA,94.73000000
NTRP,0.94100000
NTRS,91.38000000
NTRSO,27.95000000
NTUS,20.63000000
NTWK,3.74000000
NUAN,42.22000000
NURO,2.75000000
NUVA,45.08000000
NUZE,12.80000000
NVAX,115.60000000
NVCN,0.74010000
NVCR,165.22500000
NVDA,520.35000000
NVEC,51.78000000
NVEE,70.25000000
NVFY,2.03000000
NVIV,0.58650000
NVMI,68.00000000
NVUS,21.00000000
NWBI,12.39000000
NWE,56.09500000
NWFL,26.65000000
NWL,20.60000000
NWLI,197.61000000
NWPX,27.58000000
NWS,18.28000000
NWSA,18.31500000
NXGN,17.55000000
NXPI,158.89810000
NXST,105.79000000
NXTC,10.51500000
NXTD,0.36000000
NXTG,66.29000000
NYMT,3.75000000
NYMTM,22.75000000
NYMTN,23.12820000
NYMTO,22.75000000
NYMTP,22.64000000
NYMX,2.21500000
OAS,39.80000000
OBAS,11.50000000
OBCI,12.85000000
OBLN,1.55000000
OBNK,28.55000000
OBSV,2.19000000
OCC,2.86500000
OCCI,13.59000000
OCCIP,24.78000000
OCFC,17.55000000
OCFCP,27.25000000
OCGN,0.28730000
OCSI,7.65000000
OCSL,5.52000000
OCUL,19.91000000
OCUP,6.13000000
ODFL,199.94500000
ODP,26.80000000
ODT,16.45000000
OEG,1.18000000
OESX,9.87500000
OFED,24.26000000
OFIX,37.66500000
OFLX,159.80000000
OFS,7.44000000
OFSSG,25.05000000
OFSSI,23.45000000
OFSSL,23.76000000
OFSSZ,24.06000000
OGI,1.38000000
OIIM,6.08000000
OKTA,237.71000000
OLB,4.25000000
OLD,29.61000000
OLED,230.91000000
OLLI,78.37000000
OLMA,43.98000000
OM,52.17000000
OMAB,49.48000000
OMCL,113.63000000
OMER,14.27000000
OMEX,6.64000000
OMP,13.87000000
ON,30.82000000
ONB,16.45000000
ONCR,27.69990000
ONCS,5.26000000
ONCT,4.51000000
ONCY,3.36000000
ONEM,37.69000000
ONEQ,479.66970000
ONEW,27.26600000
ONTX,0.30960000
ONTXW,0.06500000
ONVO,7.82610000
OPBK,7.29000000
OPCH,16.43000000
OPES,16.31000000
OPESU,19.99000000
OPESW,3.11390000
OPGN,1.93500000
OPHC,2.88000000
OPI,23.44470000
OPINI,25.55000000
OPINL,26.43000000
OPK,4.67500000
OPNT,8.23000000
OPOF,18.14000000
OPRA,8.50000000
OPRT,17.60000000
OPRX,28.74500000
OPT,12.62000000
OPTN,4.44000000
OPTT,2.33500000
ORBC,6.12100000
ORGO,4.89990000
ORGS,4.37000000
ORIC,35.23000000
ORLY,437.95000000
ORMP,4.18000000
ORPH,9.51000000
ORRF,17.33000000
ORTX,4.23920000
OSBC,10.36500000
OSIS,92.24500000
OSMT,5.93000000
OSN,4.53810000
OSPN,20.04000000
OSS,2.73000000
OSTK,58.34000000
OSUR,12.90000000
OSW,8.65000000
OTEL,11.41000000
OTEX,45.47000000
OTIC,5.02500000
OTLK,1.25670000
OTLKW,0.18390000
OTRAU,10.13000000
OTRK,58.13000000
OTRKP,25.02000000
OTTR,42.44500000
OVBC,23.36000000
OVID,2.49000000
OVLY,17.89000000
OXBR,1.71000000
OXBRW,0.09620000
OXFD,15.65000000
OXLC,5.76000000
OXLCM,24.19900000
OXLCO,25.10000000
OXLCP,23.35000000
OXSQ,3.28000000
OXSQL,25.05000000
OXSQZ,24.91000000
OYST,20.66000000
OZK,31.01500000
OZON,45.16000000
PAAS,30.62000000
PACB,21.66990000
PACW,24.65500000
PAE,9.43000000
PAEWW,2.30000000
PAHC,18.50500000
PAIC,10.00000000
PAICU,10.50000000
PAICW,0.65000000
PAND,16.25000000
PANL,2.66310000
PASG,28.84500000
PATI,11.80000000
PATK,67.75070000
PAVM,1.84000000
PAVMW,0.46680000
PAVMZ,0.94000000
PAYA,13.12000000
PAYAW,3.10000000
PAYS,4.95340000
PAYX,92.27000000
PBCT,13.05260000
PBCTP,28.27000000
PBFS,10.69000000
PBHC,11.55000000
PBIO,2.25000000
PBIP,13.93000000
PBPB,5.30500000
PBTS,2.35000000
PBYI,10.47000000
PCAR,86.52000000
PCB,10.60000000
PCH,47.54500000
PCOM,12.47000000
PCRX,56.69000000
PCSA,7.36000000
PCSB,15.78000000
PCTI,6.51110000
PCTY,186.95000000
PCVX,27.51000000
PCYG,4.80000000
PCYO,10.94000000
PDBC,14.81000000
PDCE,19.09000000
PDCO,32.20000000
PDD,153.17000000
PDEV,28.10880000
PDEX,38.16000000
PDFS,21.92000000
PDLB,11.09000000
PDLI,2.46500000
PDP,82.15000000
PDSB,2.14590000
PEBK,25.25000000
PEBO,26.27000000
PECK,5.92000000
PEGA,124.09000000
PEIX,6.10000000
PENN,75.35000000
PEP,145.54000000
PERI,11.30000000
PESI,6.44000000
PETQ,31.40000000
PETS,29.81500000
PETZ,1.60000000
PEY,17.44320000
PEZ,71.01000000
PFBC,44.38000000
PFBI,14.45000000
PFC,22.65000000
PFF,37.94000000
PFG,49.50000000
PFHD,14.70000000
PFI,40.62000000
PFIE,0.81000000
PFIN,4.87790000
PFIS,39.74000000
PFLT,10.59000000
PFM,32.61000000
PFMT,0.76890000
PFPT,114.23000000
PFSW,5.77330000
PGC,22.05000000
PGEN,8.33650000
PGJ,58.50500000
PGNY,37.01000000
PGTI,20.10000000
PHAS,3.82000000
PHAT,46.19000000
PHCF,2.75580000
PHIO,2.54000000
PHIOW,0.18000000
PHO,45.30000000
PHUN,0.75020000
PHUNW,0.18000000
PI,40.35500000
PICO,8.90000000
PID,15.56000000
PIE,21.35000000
PIH,3.14000000
PIHPP,24.50000000
PINC,36.02000000
PIO,34.41000000
PIRS,2.93000000
PIXY,2.44730000
PIZ,33.01990000
PKBK,16.17000000
PKOH,32.12000000
PKW,71.15000000
PLAB,11.05000000
PLAY,25.50500000
PLBC,24.44000000
PLC,30.20000000
PLCE,44.72000000
PLIN,0.80000000
PLL,25.44000000
PLMR,70.50000000
PLPC,66.00000000
PLRX,26.23000000
PLSE,17.10000000
PLUG,27.67270000
PLUS,84.10000000
PLW,38.40260000
PLXP,5.27000000
PLXS,76.17500000
PLYA,5.41000000
PMBC,4.80000000
PMD,4.79000000
PME,2.32000000
PMVP,43.89770000
PNBK,8.94000000
PNFP,59.60500000
PNFPP,27.98000000
PNNT,4.56000000
PNNTG,24.98000000
PNQI,222.76000000
PNRG,54.64000000
PNTG,56.82010000
POAI,0.74000000
PODD,242.23000000
POLA,3.94000000
POOL,333.96000000
POTX,11.16000000
POWI,72.52000000
POWL,29.35000000
PPBI,29.54000000
PPC,20.48000000
PPD,34.83390000
PPH,66.79000000
PPIH,6.01000000
PPSI,4.22000000
PRAA,44.23000000
PRAH,114.22000000
PRAX,43.56500000
PRCP,6.98000000
PRDO,12.30000000
PRFT,47.44000000
PRFX,4.60000000
PRFZ,146.58000000
PRGS,40.92760000
PRGX,6.75000000
PRIM,26.52000000
PRLD,50.80000000
PRMW,16.21500000
PRN,86.50000000
PROF,17.94880000
PROG,3.61500000
PROV,14.76000000
PRPH,9.89700000
PRPL,26.23500000
PRPO,2.50000000
PRQR,3.80130000
PRSC,139.00000000
PRTA,11.44000000
PRTC,41.78000000
PRTH,6.47000000
PRTK,7.00980000
PRTS,13.89500000
PRVB,16.36010000
PRVL,10.54500000
PS,18.18000000
PSAC,9.92000000
PSACU,10.75000000
PSACW,0.86000000
PSC,35.67780000
PSCC,86.87000000
PSCD,80.24000000
PSCE,4.52000000
PSCF,47.64460000
PSCH,160.22000000
PSCI,78.29000000
PSCM,55.32000000
PSCT,114.59000000
PSCU,52.42000000
PSEC,5.39500000
PSET,45.84000000
PSHG,5.43990000
PSL,84.41000000
PSM,29.15330000
PSMT,87.03000000
PSNL,34.67000000
PSTI,6.67550000
PSTV,1.99000000
PSTX,10.78000000
PT,0.95000000
PTAC,12.35950000
PTACU,13.20000000
PTACW,2.43010000
PTC,111.01000000
PTCT,62.76000000
PTE,0.65410000
PTEN,5.42000000
PTF,128.48320000
PTGX,21.03000000
PTH,153.05990000
PTI,1.11080000
PTICU,10.19000000
PTMN,1.64400000
PTNR,5.25000000
PTON,112.57000000
PTRS,6.56000000
PTSI,45.34000000
PTVCA,14.89500000
PTVCB,14.29000000
PTVE,18.18500000
PUI,31.73740000
PULM,1.32500000
PUYI,6.12000000
PVAC,9.84000000
PVBC,11.41000000
PWFL,6.84000000
PWOD,26.08000000
PXI,17.89000000
PXLW,2.56000000
PXS,0.85000000
PXSAP,16.48000000
PXSAW,0.27000000
PY,34.35000000
PYPD,9.71000000
PYPL,210.35000000
PYZ,69.98540000
PZZA,84.49000000
QABA,43.85000000
QADA,62.35000000
QADB,43.24250000
QAT,18.51000000
QCLN,61.69990000
QCOM,155.57000000
QCRH,38.52000000
QDEL,191.06000000
QELLU,12.56000000
QFIN,11.75000000
QGEN,51.17000000
QH,7.15500000
QIWI,10.87000000
QK,4.39000000
QLC,40.12950000
QLGN,3.86250000
QLYS,92.54000000
QMCO,5.57500000
QNST,20.46000000
QQEW,97.09000000
QQQ,300.73000000
QQQJ,29.59000000
QQQM,123.37000000
QQQN,29.69000000
QQQX,25.29070000
QQXT,76.59100000
QRHC,2.01000000
QRTEA,10.07500000
QRTEB,10.24000000
QRTEP,98.97500000
QRVO,159.12500000
QTEC,133.09500000
QTNT,7.08000000
QTRX,44.69120000
QTT,2.50000000
QUIK,3.14000000
QUMU,5.62320000
QURE,47.58000000
QYLD,22.63000000
QYLG,29.09340000
RACA,13.96340000
RADA,8.95000000
RADI,11.69000000
RAIL,2.49760000
RAND,12.50000000
RAPT,22.91500000
RARE,129.11000000
RAVE,0.92550000
RAVN,32.08000000
RBB,15.60000000
RBBN,6.78510000
RBCAA,37.27000000
RBCN,9.08000000
RBKB,8.53000000
RBNC,18.91000000
RCEL,20.58000000
RCHGU,10.23000000
RCII,34.64500000
RCKT,59.51000000
RCKY,30.35000000
RCM,21.59000000
RCMT,1.65000000
RCON,1.53000000
RDCM,9.81000000
RDFN,56.07500000
RDHL,8.43000000
RDI,4.10950000
RDIB,20.97000000